Abbeville
Aberdeen
Abidjan
Abilene
Abu Dhabi
Abuja
Acapulco
Accra
Ad Dawhah
Ada
Adamstown
Addis Ababa
Addison
Adelaide
Adelanto
Aden
Adrian
Agawam
Agoura Hills
Aguascalientes
Aiken
Aklavik
Akron
Al Jizah
Al Manamah
Alabaster
Alameda
Alamo
Alamogordo
Albany
Albemarle
Albert Lea
Albertville 
Albuquerque
Aleutian Islands
Alexander City
Alexandria
Algiers
Algonquin
Alhambra
Alice
Aliquippa
Allen
Allen Park
Allentown
Alliance
Allouez
Almaty
Alpena
Alpharetta
Alsip
Altamonte Springs
Alton
Altoona
Altus
Alvin
Amarillo
Ambon
American Fork
Americus
Ames
Amherst
Amman
Amsterdam
Anacortes
Anadyr
Anaheim
Anchorage
Anderson
Andorra La Vella
Andover
Andrews
Angleton
Ankara
Ankeny
Ann Arbor
Annapolis
Anniston
Anoka
Anshan
Ansonia
Antananarivo
Antioch
Apache Junction
Apex
Apia
Apopka
Apple Valley
Appleton
Arcadia
Arcata
Ardmore
Arkadelphia
Arkansas City
Arlington
Arlington Heights
Arnold
Arroyo Grande
Artesia
Arvada
Arvin
Asbury Park
Asheboro
Asheville
Ashkhabad
Ashland
Ashtabula
Ashwaubenon
Asmera
Asuncion
Atascadero
Atchison
Athens
Atlanta
Atlantic Beach
Atlantic City
Attleboro
Atwater
Auburn
Auburn Hills
Auckland
Augusta
Aurora
Austin
Avenal
Avon
Avon Lake
Avondale
Azle
Azores
Azusa
Babylon
Baghdad
Bainbridge
Baker
Bakersfield
Baku
Balch Springs
Baldwin
Baldwin Park
Ballwin
Baltimore
Bamako
Bandar Seri Begawan
Bandung
Bangalore
Bangkok
Bangor
Bangui
Banjul
Banning
Baotou
Barberton
Barcelona
Barnstable
Barstow
Bartlesville
Bartlett
Bartow
Basseterre
Bastrop
Batavia
Baton Rouge
Battle Creek
Bay City
Bay Village
Bayamon
Bayonne
Baytown
Beach Park
Beachwood
Beacon
Beatrice
Beaumont
Beaver Dam
Beaver Falls
Beavercreek
Beaverton
Beckley
Bedford
Bedford Heights
Beech Grove
Beeville
Beijing
Beirut
Belgrade
Bell
Bell Gardens
Bellaire
Belle Glade
Bellefontaine
Bellefontaine Neighbors
Belleville
Bellevue
Bellflower 
Bellingham
Bellmawr
Bellwood
Belmont
Belmopan
Beloit
Belton
Belvedere
Bemidji
Benbrook
Bend
Benicia
Bensenville
Benton
Benton Harbor
Bentonville
Berea
Bergenfield
Berkeley
Berkley
Berlin
Bern
Berwick
Berwyn
Bessemer
Bethany
Bethel Park
Bethlehem
Bettendorf
Beverly
Beverly Hills
Bexley
Biddeford
Big Rapids
Big Spring
Billings
Biloxi
Binghamton
Birmingham
Bishkek
Bismarck
Bissau
Bixby
Blackfoot
Blacksburg
Blaine
Bloomingdale
Bloomington
Bloomsburg
Blue Ash
Blue Island
Blue Springs
Bluefield
Blythe
Blytheville
Boca Raton
Bogalusa
Bogota
Boise
Boise City
Bolingbrook
Bombay
Boone
Borger
Bossier City
Boston
Bothell
Boulder
Boulder City
Bountiful
Bourbonnais
Bowie
Bowling Green
Boynton Beach
Bozeman
Bradenton
Bradley
Brainerd
Brandon
Brasilia
Bratislava
Brawley
Brea
Brecksville
Bremerton
Brenham
Brentwood
Bridgeport
Bridgeton
Bridgetown
Bridgeview
Brigantine
Brigham City
Brighton
Brisbane
Bristol
Broadview Heights
Brockton
Broken Arrow
Brook Park
Brookfield
Brookhaven
Brookings
Brooklyn 
Brooklyn Center
Brooklyn Park
Broomfield
Brown Deer
Brownsburg
Brownsville
Brownwood
Brunswick
Brussels
Bryan
Bucharest
Bucyrus
Budapest
Buena Park
Buenos Aires
Buffalo
Buffalo Grove
Buford
Bujumbura
Bullhead City
Burbank
Burien
Burkburnett
Burleson
Burlingame
Burlington
Burnsville
Burr Ridge
Burton
Butler
Butte-Silver Bow
Cabot
Cadillac
Cahokia
Cairo
Calabasas
Calcutta
Caldwell
Calexico
Calgary
Cali
Callaway
Calumet City
Camarillo
Camas
Cambridge
Camden
Campbell
Campbellsville
Canandaigua
Canberra
Canby
Canon City
Canton
Canyon
Canyon Lake
Cape Coral
Cape Girardeau
Cape Town
Capitola
Caracas
Carbondale
Carlisle
Carlsbad
Carmel
Carol Stream
Carpenteria
Carpentersville
Carrboro
Carroll
Carrollton
Carson
Carson City
Carteret
Cartersville
Carthage
Cary
Casa Grande
Casablanca
Casper
Casselberry
Castle Rock
Castries
Cathedral City
Cayce
Cayenne
Cedar City
Cedar Falls
Cedar Hill
Cedar Park
Cedar Rapids
Cedarburg
Celina
Centerville
Central Falls
Central Point
Centralia
Ceres
Cerritos
Chambersburg
Champaign
Champlin
Chandler
Changchun
Changsha
Chanhassen
Chapel Hill
Charleston
Charlestown
Charlotte
Charlottesville
Charlottetown
Chaska
Chatham Island
Chattanooga
Chelsea
Chelyabinsk
Chengdu
Chennai
Chesapeake
Chester
Chesterfield
Chesterton
Cheyenne
Chicago
Chicago Heights
Chicago Ridge
Chickasha
Chico
Chicopee
Chihuahua
Chillicothe
Chino
Chino Hills
Chippewa Falls
Chittagong
Chowchilla
Christiansburg
Chula Vista
Chungking
Cicero
Cincinnati
Circleville
Citrus Heights
Claremont
Claremore
Clarksburg
Clarksdale
Clarksville
Clawson
Clayton
Clearfield
Clearlake
Clearwater
Cleburne
Clemson
Cleveland
Cleveland Heights
Cliffside Park
Clifton
Clinton
Clive
Cloquet
Clovis
Coachella
Coatesville
Cocoa
Cocoa Beach
Coconut Creek
Coeur d'Alene
Coffeyville
Cohoes
College Park
College Station
Colleyville
Collierville
Collingswood
Collinsville
Colombo
Colonial Heights
Colorado Springs
Colton
Columbia
Columbia Heights
Columbus
Columbus city
Commerce
Commerce City
Compton
Conakry
Concord
Conneaut
Connersville
Conroe
Converse
Conway
Cookeville
Coon Rapids
Cooper City
Coos Bay
Copenhagen
Coppell
Copperas Cove
Coral Gables
Coral Springs
Coralville
Corcoran
Cordele
Corinth
Corning
Corona
Coronado
Corpus Christi
Corsicana
Cortland
Corvallis
Coshocton
Costa Mesa
Cottage Grove
Council Bluffs
Country Club
Covina
Covington
Cranston
Crawfordsville
Crest Hill
Crestview
Crestwood
Creve Coeur
Crowley
Crown Point
Crystal
Crystal Lake
Cudahy
Cullman
Culver City
Cumberland
Cupertino
Cuyahoga Falls
Cypress
Dakar
Dallas
Dalton
Daly City
Damascus
Dana Point
Danbury
Dania
Danville
Daphne
Dar es Salaam
Darby
Darien
Darwin
Davenport
Davie
Davis
Dayton
Daytona Beach
De Bary
De Land
De Pere
De Ridder
Dearborn
Dearborn Heights
Decatur
Deer Park
Deerfield
Deerfield Beach
Defiance
DeKalb
Del City
Del Mar
Del Rio
Delano
Delaware
Delhi
Delray Beach
Deltona
Deming
Denison
Denpasar
Denton
Denver
Depew
Derby
Des Moines
Des Plaines
Desert Hot
DeSoto
Destin
Detroit
Dhaka
Diamond Bar
Dickinson
Dickson
Dili
Dinuba
Dixon
Dobbs Ferry
Dodge City
Dolton
Donna
Dothan
Douglas
Douglasville
Dover
Downers Grove
Downey
Draper
Duarte
Dubai
Dublin
Dubuque
Duluth
Dumas
Dumont
Duncan
Duncanville
Dunedin
Dunkirk
Dunmore
Durango
Durant
Durham
Dushanbe
Dusseldorf
Dyer
Dyersburg
Eagan
Eagle Pass
Easley
East Bethel
East Chicago
East Cleveland
East Grand
East Lansing
East Liverpool
East Moline
East Orange
East Palo Alto
East Peoria
East Point
East Providence
East Ridge
East Rockaway
East Stroudsburg
Easter Island
Eastlake
Easton
Eastpointe
Eatontown
Eau Claire
Ecorse
Eden
Eden Prairie
Edgewater
Edgewood
Edina
Edinburg
Edmond
Edmonds
Edmonton
Edwardsville
Effingham
El Aaiun
El Cajon
El Campo
El Centro
El Cerrito
El Dorado
El Monte
El Paso
El Reno
El Segundo
Elgin
Elizabeth
Elizabeth City
Elizabethton
Elizabethtown
Elk Grove
Elk Park
Elk River
Elkhart
Elko
Elkton
Ellensburg 
Elmhurst
Elmira
Elmwood Park
Elyria
Emmaus
Emporia
Encinitas
Endeh
Endicott
Englewood
Enid
Ennis
Enterprise
Ephrata
Erie
Erlanger
Escanaba
Escondido
Euclid
Eufaula
Eugene
Euless
Eunice
Eureka
Eustis
Evanston
Evansville
Everett
Evergreen Park
Excelsior Springs
Fair Lawn
Fairbanks
Fairborn
Fairfax
Fairfield
Fairhope
Fairmont
Fairview
Fairview Heights
Fairview Park
Faisalabad
Fall River
Falls Church
Fargo
Faribault
Farmers Branch
Farmington
Farmington Hills
Farragut
Fayette
Fayetteville
Federal Heights
Federal Way
Fenton
Fergus Falls
Ferguson
Fernandina Beach
Fernando de Noronha
Ferndale
Fillmore
Findlay
Fishers
Fitchburg
Flagstaff
Flint
Floral Park
Florence
Florissant
Flower Mound
Folsom
Fond du Lac
Fontana
Foochow
Forest Grove
Forest Hill
Forest Park
Forrest City
Fort Atkinson
Fort Collins
Fort Dodge
Fort Lauderdale
Fort Lee
Fort Madison
Fort Morgan
Fort Myers
Fort Payne
Fort Pierce
Fort Smith
Fort Thomas
Fort Walton
Fort Wayne
Fort Worth
FortdeFrance
Foster City
Fostoria
Fountain
Fountain Hills
Fountain Valley
Framingham
Frankfort
Franklin
Franklin Lakes
Franklin Park
Fraser
Frederick
Fredericksburg
Fredonia
Freehold
Freeport
Freetown
Fremont
Fresno
Fridley
Friendswood
Frisco
Front Royal
Ft.Lauderdale
Fukuoka
Fullerton
Fulton
Funafuti
Funchal
Fushun
Gaborone
Gadsden
Gaffney
Gahanna
Gainesville
Gaithersburg
Galapagos Islands
Galena Park
Galesburg 
Galion
Gallatin
Gallup
Galt
Galveston
Garden City
Garden Grove
Gardena
Gardner
Garfield
Garfield Heights
Garland
Garner
Gary
Gastonia
Gatesville
Gautier
Gaza
Gdansk
Geneva
Georgetown
Germantown
Gilbert
Gillette
Gilroy
Girard
Gladstone
Glasgow
Glassboro
Glen Carbon
Glen Cove
Glen Ellyn
Glen Rock
Glendale
Glendale Heights
Glendora
Glens Falls
Glenview
Gloucester
Gloucester City
Gloversville
Godfrey
Golden
Golden Valley
Goldsboro
Goodlettsville
Goodyear
Goose Creek
Goshen
Graham
Granada
Grand Forks
Grand Haven
Grand Island
Grand Junction
Grand Prairie
Grand Rapids
Grand Terrace
Grand Turk
Grandview
Grandville
Granite City
Grants Pass
Grapevine
Grayslake
Great Bend
Great Falls
Greeley
Green
Green Bay
Green River
Greenacres
Greenbelt
Greendale
Greeneville
Greenfield
Greensboro
Greensburg
Greenville
Greenwood
Greenwood Village
Greer
Gresham
Gretna
Griffin
Griffith
Grosse Pointe
Grove City
Grover Beach
Groves
Guadalajara
Guayaquil
Guiyang
Gulfport
Gurnee
Guthrie
Hackensack
Haddonfield
Hagerstown
Haines City
Half Moon
Halifax
Hallandale
Haltom City
Ham Lake
Hamburg
Hamilton
Hammond
Hammonton
Hampton
Hamtramck
Hanahan
Hanford
Hangzhou
Hannibal
Hanoi
Hanover
Hanover Park
Harare
Harbin
Harker Heights
Harlingen
Harper Woods
Harrisburg
Harrison
Harrisonburg
Hartford
Hartselle
Harvey
Hasbrouck Heights
Hastings
Hattiesburg
Havana
Havelock
Haverhill
Havre
Havre de
Hawaiian Gardens
Hawthorne
Hays
Hayward
Hazel Crest
Hazel Park
Hazelwood
Hazleton
Helena
Helsinki
Hemet
Hempstead
Henderson
Hendersonville
Hercules
Hereford
Hermiston
Hermitage
Hermosa Beach
Herndon
Herrin
Hesperia
Hewitt
Hialeah
Hialeah Gardens
Hibbing
Hickory
Hickory Hills
High Point
Highland
Highland Park
Highland Village
Hilliard
Hillsboro
Hillsborough
Hillsdale
Hilton Head
Hinesville
Hinsdale
Hobart
Hobbs
Hoboken
Hoffman Estates
Hollister
Holly Hill
Hollywood
Holyoke
Homestead
Homewood
Hong Kong
Honiara
Honolulu
Hoover
Hopatcong
Hopewell
Hopkins
Hopkinsville
Horn Lake
Hot Springs
Houma
Houston
Howard
Huber Heights
Hudson Village
Hueytown
Humble
Huntington
Huntington Beach
Huntington Park
Huntsville
Huron
Hurst
Hutchinson
Hyattsville
Idaho Falls
Imperial Beach
Inchon
Independence
Indian Springs
Indiana
Indianapolis
Indianapolis city
Indianola
Indio
Ingleside
Inglewood
Inkster
Inver Grove
Ionia
Iowa City
Iqaluit
Irmo
Ironton
Irvine
Irving
Islamabad
Issaquah
Istanbul
Ithaca
Izmir
Jackson
Jacksonville
Jacksonville Beach
Jacksonville city
Jaipur
Jakarta
Jamestown
Janesville
Jasper
Jayapura
Jeannette
Jefferson City
Jeffersontown
Jeffersonville
Jennings
Jersey
Jersey City
Jerusalem
Jiddah
Jilin
Jinan
Jinzhou
Johannesburg
Johnson City
Johnstown
Joliet
Jonesboro
Joplin
Junction City
Juneau
Jupiter
Justice
Kabul
Kalamazoo
Kaliningrad
Kalispell
Kamchatka
Kampala
Kankakee
Kannapolis
Kano Nigeria
Kansas
Kansas City
Karachi
Kathmandu
Katy
Kaukauna
Kaunas
Kawasaki
Kaysville
Kazan
Keansburg
Kearney
Kearny
Keene
Keizer
Keller
Kelso
Kenmore
Kenner
Kennesaw
Kennett
Kennewick
Kenosha
Kent
Kentwood
Keokuk
Kernersville
Kerrville
Kettering
Kewanee
Key West
Khartoum
Kiev
Kigali
Kilgore
Killeen
Kingman
Kingsland
Kingsport
Kingston
Kingstown
Kingsville
Kinshasa
Kinston
Kiritimati
Kirkland
Kirksville
Kirkwood
Kishinev
Kissimmee
Kitakyüshü
Klamath Falls
Knoxville
Kobe
Kokomo
Kolonia
Kowloon
Krasnoyarsk
Kuala Lumpur
Kunming
Kupang
Kuwait City
Kyoto
L.A.
La Canada
La Coruna
La Crosse
La Grande
La Grange
La Habra
La Marque
La Mesa
La Mirada
La Palma
La Paz
La Porte
La Puente
La Quinta
La Vergne
La Verne
La Vista
Lacey
Lackawanna
Laconia
Lady Lake
Lafayette
Lagos
LaGrange
Laguna Beach
Laguna Hills
Laguna Niguel
Lahore
Lake Charles
Lake City
Lake Elsinore
Lake Forest
Lake Havasu
Lake in
Lake Jackson
Lake Mary
Lake Oswego
Lake Station
Lake Worth
Lake Zurich
Lakeland
Lakeville
Lakewood
Lamesa
Lancaster
Lanchow
Lansdale
Lansdowne
Lansing
Laramie
Laredo
Largo
Larkspur 
Las Cruces
Las Palmas
Las Vegas
Lauderdale Lakes
Lauderhill
Laurel
Laurinburg
Lawndale
Lawrence
Lawrenceburg
Lawrenceville
Lawton
Layton
League City
Leavenworth
Leawood
Lebanon 
Leeds
Lee's Summit
Leesburg
Lehi
Leicester
Lemon Grove
Lemont
Lemoore
Lenexa
Lenoir
Leominster
Leon
Leon Valley
Levelland
Lewisburg
Lewiston
Lewisville
Lexington
Lexington-Fayette
Liberal
Liberty
Libertyville
Libreville
Lighthouse Point
Lilburn
Lilongwe
Lima
Lincoln
Lincoln Park
Lincolnwood
Linden
Lindenhurst
Lindenwold
Lino Lakes
Lisbon
Lisle
Little Chute
Little Ferry
Little Rock
Littleton
Live Oak
Livermore
Liverpool
Livingston
Livonia
Ljubljana
Lockhart
Lockport
Lodi
Logan
Logansport
Loma Linda
Lombard
Lome
Lomita
Lompoc
London
Long Beach
Long Branch
Longmont
Longview
Longwood
Lorain
Lord Howe Island
Los Alamitos
Los Altos
Los Angeles
Los Banos
Los Gatos
Louisville
Loveland
Loves Park
Lowell
Lower Burrell
Luanda
Lubbock
Lubumbashi
Lucknow
Lufkin
Lumberton
Luoyang
Lusaka
Lynbrook
Lynchburg
Lyndhurst
Lynn
Lynn Haven
Lynnwood
Lynwood
Machesney Park
Macomb
Macon
Madera
Madison
Madison Heights
Madisonville
Madrid
Magnolia
Maitland
Makkah
Makwa
Malabo
Malang
Malden
Malibu
Mamaroneck
Mamoutzou
Managua
Manassas
Manaus
Manchester
Mandan
Mandeville
Manhattan
Manhattan Beach
Manila
Manitowoc
Mankato
Mansfield
Manteca
Manville
Maple Grove
Maple Heights
Maplewood
Maputo
Margate
Marietta
Marina
Marinette
Marion
Markham
Marlborough
Marquette
Marshall
Marshalltown
Marshfield
Martinez
Martinsburg
Martinsville
Maryland Heights
Marysville
Maryville
Maseru
Mason
Mason City
Massapequa Park
Massena
Massillon
Mataram
Matteson
Matthews
Mattoon
Mauldin
Maumee
Mayfield
Mayfield Heights
Maywood
Mazatlan
Mbabane
McAlester
McAllen
McComb
McHenry
McKeesport
McKinney
McLean
McMinnville
McPherson
Meadville
Medan
Medellin
Medford
Medina
Melbourne
Melrose
Melrose Park
Melvindale
Memphis
Menasha
Mendota Heights
Menlo Park
Menomonee Falls
Menomonie
Mentor
Mequon
Merced
Mercedes
Mercer Island
Merida
Meriden
Meridian
Merriam
Merrill
Merrillville
Mesa
Mesquite
Metairie
Methuen
Metuchen
Mexicali
Mexico City
Miami
Miami Beach
Miami Springs
Miamisburg
Michigan City
Middleburg Heights
Middlesborough
Middlesex
Middleton
Middletown
Midland
Midlothian
Midvale
Midwest City
Milan
Milford city
Mill Valley
Millbrae
Millbrook
Milledgeville
Millington
Millville
Milpitas
Milwaukee
Milwaukie
Minden
Mineola
Mineral Wells
Minneapolis
Minnetonka
Minot
Minsk
Mint Hill
Miramar
Mishawaka
Mission
Mission Viejo
Missoula
Missouri City
Mitchell
Moberly
Mobile
Modesto
Mogadishu
Mokena
Moline
Monroe
Monrovia
Montclair
Montebello
Monterey
Monterey Park
Monterrey
Montevideo
Montgomery
Montpelier
Montreal
Montrose
Moore
Mooresville
Moorhead
Moorpark
Moraga Town
Moreno Valley
Morgan City
Morgan Hill
Morganton
Morgantown
Moroni
Morris
Morristown
Morro Bay
Morton
Morton Grove
Moscow
Moses Lake
Moss Point
Moultrie
Mounds View
Mount Clemens
Mount Pleasant
Mount Prospect
Mount Vernon
Mountain Brook
Mountain Home
Mountain View
Mountlake Terrace
Mukilteo
Mumbai
Muncie
Mundelein
Munhall
Munich
Municipality of
Munster
Murfreesboro
Murmansk
Murray
Murrieta
Muscat
Muscatine
Muscle Shoals
Muskego
Muskegon
Muskegon Heights
Muskogee
Mustang
Myrtle Beach
Nacogdoches
Nagoya
Nagpur
Nairobi
Nampa
Nanchang
Nanticoke
Napa
Naperville
Naples
Nashua
Nashville
Nashville-Davidson
Nassau
Natchez
Natchitoches
National City
Naugatuck
Ndjamena
Nederland
Neenah
New Albany
New Bedford
New Berlin
New Bern
New Braunfels
New Brighton
New Britain
New Brunswick
New Carrollton
New Castle
New Delhi
New Haven
New Hope
New Iberia
New Kensington
New Lenox
New London
New Milford
New Orleans
New Philadelphia
New Port
New Providence
New Rochelle
New Smyrna
New Ulm
New York
Newark
Newberg
Newburgh
Newburyport
Newnan
Newport
Newport Beach
Newport News
Newton
Niagara Falls
Niamey
Nice
Niceville
Nicholasville
Nicosia
Niles
Nixa
Noblesville
Nogales
Nome
Norco
Norfolk
Normal
Norman
Norridge
Norristown
North Adams
North Arlington
North Augusta
North Canton
North Charleston
North Chicago
North College
North Las
North Lauderdale
North Little
North Mankato
North Miami
North Ogden
North Olmsted
North Palm
North Plainfield
North Platte
North Port
North Richland
North Ridgeville
North Royalton
North St.
North Tonawanda
Northampton
Northbrook
Northfield
Northglenn
Northlake
Northport
Northridge
Norton
Norton Shores
Norwalk
Norwich
Norwood
Nouakchott
Noumea
Novato
Novgorod
Novi
Novosibirsk
Nukualofa
Oak Creek
Oak Forest
Oak Harbor
Oak Lawn
Oak Park
Oak Ridge
Oakdale
Oakland
Oakland Park
Ocala
Ocean City
Ocean Springs
Oceanside
Ocoee
Oconomowoc
Odessa
O'Fallon
Ogden
Ogdensburg
Oil City
Oklahoma
Oklahoma City
Okmulgee
Olathe
Oldsmar
Olean
Olive Branch
Olympia
Omaha
Omsk
Onalaska
Oneida
Oneonta
Ontario
Opa-locka
Opelika
Opelousas
Orange
Orange Park
Orangeburg
Oranjestad
Oregon
Oregon City
Orem
Orinda
Orland Park
Orlando
Ormond Beach
Oro Valley
Oroville
Osaka
Oshkosh
Oskaloosa
Oslo
Ossining
Oswego
Ottawa
Ottumwa
Ouagadougou
Overland
Overland Park
Oviedo
Owasso
Owatonna
Owensboro
Owosso
Oxford
Oxnard
Ozark
Pacific Grove
Pacifica
Paducah
Painesville
Palatka
Palembang
Palestine
Palisades Park
Palm Bay
Palm Beach
Palm Coast
Palm Desert
Palm Springs
Palma
Palmdale
Palmetto
Palo Alto
Palos Heights
Palos Hills
Palos Verdes
Pampa
Panama City
Papeete
Papillion
Paradise
Paradise Valley
Paragould
Paramaribo
Paramount
Paramus
Paris
Park Forest
Park Ridge
Parker
Parkersburg
Parkland
Parlier
Parma
Parma Heights
Parsons
Pasadena
Pascagoula
Pasco
Passaic
Patchogue
Paterson
Pawtucket
Payson
Peabody
Peachtree City
Pearl
Pearland
Pecos
Peekskill
Pekin
Peking
Pelham
Pell City
Pembroke Pines
Pendleton
Pensacola
Peoria
Perm
Perris
Perrysburg
Perth
Perth Amboy
Petaluma
Petersburg
Pharr
Phenix City
Philadelphia
Phillipsburg
Phnomh Penh
Phoenix
Phoenixville
Picayune
Pico Rivera
Piedmont
Pierre
Pine Bluff
Pine Hill
Pinellas Park
Pineville
Pinole
Piqua
Pittsburg
Pittsburgh
Pittsfield
Placentia
Plainfield
Plainview
Plano
Plant City
Plantation
Plattsburgh
Pleasant Grove
Pleasant Hill
Pleasant Prairie
Pleasanton
Pleasantville
Plover
Plum
Plymouth
Pocatello
Podgoriza
Point Pleasant
Pomona
Pompano Beach
Pompton Lakes
Ponca City
Ponce
Pontiac
Poplar Bluff
Poquoson
Port Angeles
Port Arthur
Port au Prince
Port Chester
Port Hueneme
Port Huron
Port Lavaca
Port Louis
Port Moresby
Port Neches
Port of Spain
Port Orange
Port St.
Port Washington
Portage
Portales
PortauxFrancais
Porterville
Portland
Porto
Porto Novo
Portsmouth
Post Falls
Potsdam
Pottstown
Pottsville 
Poughkeepsie
Poway
Powder Springs
Poznan
Prague
Praia
Prairie Village
Prattville
Prescott
Prescott Valley
Pretoria
Prichard
Princeton
Prior Lake
Pristina
Prospect Heights
Providence
Provo
Pueblo
Pullman
Pune
Punta Gorda
Pusan
Puyallup
Pyongyang
Qiqihar
Quebec
Quincy
Quito
Raba
Rabat
Racine
Radcliff
Radford
Rahway
Raleigh
Ramsey
Rancho Cucamonga
Rancho Mirage
Rancho Palos
Rangoon
Rantoul
Rapid City
Rarotonga
Ravenna
Rawaki
Raytown
Reading
Recife
Red Bank
Red Bluff
Red Wing
Redding
Redlands
Redmond
Redondo Beach
Redwood City
Reedley
Regina
Reidsville
Reno
Renton
Revere
Rexburg
Reykjavik
Reynoldsburg
Rialto
Richardson
Richfield
Richland
Richmond
Richton Park
Ridgecrest
Ridgefield
Ridgefield Park
Ridgeland
Ridgewood
Riga
Ringwood
Rio Branco
Rio de Janeiro
Rio Grande
Rio Rancho
River Edge
River Falls
River Forest
River Rouge
Riverbank
Riverdale
Riverside
Riverton
Riverview
Riviera Beach
Riyadh
Road Town
Roanoke
Roanoke Rapids
Robbinsdale
Robstown
Rochester
Rochester Hills
Rock Hill
Rock Island
Rock Springs
Rockford
Rockledge
Rocklin
Rockville
Rockville Centre
Rockwall
Rocky Mount
Rocky River
Rogers
Rohnert Park
Rolla
Rolling Meadows
Roma
Rome
Romeoville
Romulus
Roseau
Roseburg
Roselle
Roselle Park
Rosemead
Rosemount
Rosenberg
Roseville
Roswell
Rotterdam
Round Lake
Round Rock
Rowlett
Roy
Royal Oak
Royal Palm
Russellville
Ruston
Rutherford
Rutland
Rye
Saco
Sacramento
Safety Harbor
Saginaw
Saigon
Saint Denis
Saint George's
Saint John
Saint John's
Saint Paul
Saint Petersburg
Salem
Salina
Salinas
Salisbury
Salt Lake
Salt Lake City
Salvador
Salzburg
Samara
San Angelo
San Anselmo
San Antonio
San Benito
San Bernardino
San Bruno
San Buenaventura
San Carlos
San Clemente
San Diego
San Dimas
San Fernando
San Francisco
San Gabriel
San Jacinto
San Jose
San Juan
San Leandro
San Luis
San Luis Obispo
San Luis Potosi
San Marcos
San Marino
San Mateo
San Pablo
San Rafael
San Ramon
San Salvador
Sana
Sand Springs
Sandusky
Sandy
Sanford
Sanger
Santa Ana
Santa Barbara
Santa Clara
Santa Clarita
Santa Cruz
Santa Fe
Santa Maria
Santa Monica
Santa Paula
Santa Rosa
Santee
Santiago
Santiago de Cuba
Santo Domingo
Sao Paulo
Sapporo
Sapulpa
Sarajevo
Saraland
Sarasota
Saratoga
Saratoga Springs
Satellite Beach
Sauk Village
Sault Ste.
Savage
Savannah
Sayreville
Scarsdale
Schaumburg
Schenectady
Schererville
Schertz
Schiller Park
Scotts Valley
Scottsbluff
Scottsboro
Scottsdale
Scranton
Seal Beach
Searcy
Seaside
Seatac
Seattle
Sebastian
Secaucus
Sedalia
Seguin
Selma
Semarang
Seoul
Seven Hills
Sevierville
Seymour
Shafter
Shaker Heights
Shakopee
Shanghai
Sharon
Sharonville
Shawnee
Sheboygan
Sheffield
Shelby
Shelbyville
Shelton
Sheridan
Sherman
Sherwood
Shijiazhuang
Shively
Shoreline
Shoreview
Shorewood
Shreveport
Sian
Sidney
Sierra Madre
Sierra Vista
Sikeston
Siloam Springs
Silver City
Simi Valley
Simpsonville
Singaraja
Sioux City
Sioux Falls
Skokie
Skopje
Slidell
Smithfield
Smyrna
Snellville
Snyder
Socorro
Sofia
Solana Beach
Soledad
Solon
Somers Point
Somerset
Somersworth
Somerville
South Bend
South Burlington
South Charleston
South Daytona
South El
South Elgin
South Euclid
South Gate
South Holland
South Houston
South Jordan
South Lake
South Miami
South Milwaukee
South Ogden
South Pasadena
South Plainfield
South Portland
South River
South San
South Sioux
South St.
Southaven
Southern Pines
Southfield
Southgate
Southlake
Spanish Fork
Sparks
Spartanburg
Speedway
Spencer
Spokane
Spring Valley
Springboro
Springdale
Springfield
Springville
St. Albans
St. Ann
St. Augustine
St. Charles
St. Clair
St. Cloud
St. George
St. John's
St. Joseph
St. Louis
St. Marys
St. Matthews
St. Paul
St. Peters
St. Petersburg
Stafford
Stamford
Stanley
Stanton
Starkville
State College
Statesboro
Statesville
Staunton
Stephenville
Sterling
Sterling Heights
Steubenville
Stevens Point
Stillwater
Stockholm
Stockton
Stoughton
Stow
Streamwood
Streator
Streetsboro
Strongsville
Struthers
Stuart
Sturgis
Suffern
Suffolk
Sugar Land
Suisun City
Sulphur
Sulphur Springs
Summerville
Summit
Sumter
Sun Prairie
Sunbury
Sunnyside
Sunnyvale
Sunrise
Superior
Surabaya
Surakarta
Surprise
Susanville
Suva
Sverdlovsk
Sweetwater
Sycamore
Sydney
Sylacauga
Sylvania
Syracuse
Szczecin
Tacoma
Taegu
Tahlequah
Taipei
Taiyuan
Takoma Park
Talladega
Tallahassee
Tallinn
Tallmadge
Tamarac
Tampa
Tanger
Tangshan
Tarawa
Tarboro
Tarpon Springs
Tarrytown
Tashkent
Taunton
Taylor
Taylorsville
Taylorville
Tbilisi
Tegucigalpa
Tehran
Tel Aviv
Temecula
Tempe
Temple
Temple City
Temple Terrace
Tenafly 
Ternate
Terre Haute
Terrell
Texarkana
Texas City
The Colony
The Settlement
The Valley
The Village
Thibodaux
Thimphu
Thomasville
Thornton
Thousand Oaks
Tientsin
Tiffin
Tifton
Tigard
Tijuana
Tinley Park
Tinton Falls
Tirane
Titusville
Tokyo
Toledo
Tonawanda
Tooele
Topeka
Topeka 
Toronto
Torrance
Torrington
Totowa
Town and
Tracy
Traverse City
Trenton
Tripoli
Trotwood
Troutdale
Troy
Truckee
Trussville
Tsingtao
Tualatin
Tucson
Tukwila
Tulare
Tullahoma
Tulsa
Tumwater
Tunis
Tupelo
Turin
Turlock
Tuscaloosa
Tuskegee
Tustin
Twentynine Palms
Twin Cities
Twin Falls
Twinsburg
Two Rivers
Tyler
Ufa
Ukiah
Ulaanbaatar
Union City
Uniontown
Universal City
University City
University Heights
University Park
University Place
Upland
Upper Arlington
Urbana
Urbana-Champaign
Urbandale
Utica
Uvalde
Vacaville
Vadnais Heights
Vaduz
Valdosta
Vallejo
Valletta
Valley Stream
Valparaiso
Van Buren
Van Wert
Vancouver
Vandalia
Venice
Ventnor
Veracruz
Vermilion
Vermillion
Vernon
Vernon Hills
Vero Beach
Vestavia Hills
Vicksburg
Victoria
Victorville
Vidalia
Vidor
Vienna
Vientiane
Vila
Villa Park
Villanova
Vilnius
Vincennes
Vineland
Virginia Beach
Visalia
Vista
Vladivostok
Wabash
Waco
Wadsworth
Wake Forest
Waldwick
Walker
Walla Walla
Wallington
Walnut
Walnut Creek
Waltham
Wanaque
Warner Robins
Warren
Warrensburg
Warrensville Heights
Warrenville
Warsaw
Warwick
Wasco
Washington
Washington DC
Watauga
Waterbury
Waterloo
Watertown
Waterville
Watervliet
Watsonville
Waukegan
Waukesha
Wausau
Wauwatosa
Waxahachie
Waycross
Wayne
Waynesboro
Weatherford
Webster Groves
Weirton
Wellington
Wenatchee
Weslaco
West Allis
West Bend
West Carrollton
West Chester
West Chicago
West Columbia
West Covina
West Des
West Fargo
West Haven
West Haverstraw
West Hollywood
West Jordan
West L.A.
West Lafayette
West Linn
West Memphis
West Mifflin
West Monroe
West New
West Palm
West Paterson
West Plains
West Sacramento
West St.
West University
West Valley
Westbrook
Westbury
Westchester
Western Springs
Westerville
Westfield
Westlake
Westland
Westminster
Westmont
Westwego
Westwood 
Wheat Ridge
Wheaton
Wheeling
White Bear
White Plains
White Settlement
Whitefish Bay
Whitehall
Whitehorse
Whitewater
Whittier
Wichita
Wichita Falls
Wickliffe
Wildwood
Wilkes-Barre
Wilkinsburg
Willemstad
Williamsburg
Williamsport
Williston
Willmar
Willoughby
Willowick
Wilmette
Wilmington
Wilson
Wilsonville
Wilton Manors
Winchester
Windhoek
Windsor
Winfield
Winnetka
Winnipeg
Winona
Winslow
Winston Salem
Winston-Salem
Winter Garden
Winter Haven
Winter Park
Winter Springs
Wisconsin Rapids
Wixom
Woburn
Wood Dale
Wood River
Woodburn
Woodbury
Woodhaven
Woodland
Woodridge
Woodstock
Woodward
Woonsocket
Wooster
Worcester
Worth
Worthington
Wroclaw
Wuhan
Wyandotte
Wylie
Wyoming
Xenia
Yakima
Yankton
Yaounde
Yazoo City
Yeadon
Yellowknife
Yerevan
Yokohama
Yonkers
Yorba Linda
York
Youngstown
Ypsilanti
Yuba City
Yucaipa
Yucca Valley
Yukon
Yuma
Zachary
Zagreb
Zanesville
Zhenghou
Zibo
Zion
Zurich
